{
  "vocab_size": 1033,
  "training_pairs": 335080,
  "epochs": 50,
  "final_loss": 2.417633056640625,
  "epoch_losses": [
    4.0441910711730396,
    2.8775865806312098,
    2.8731921642291836,
    2.8724934553227772,
    2.8709827792353746,
    2.8649580551356806,
    2.851928422363793,
    2.8321482321111167,
    2.8120190573901667,
    2.7916815615281827,
    2.7726824705193684,
    2.7535479134175835,
    2.7355946164305616,
    2.7201075190451087,
    2.704585554396234,
    2.6903809345350034,
    2.6780013042252238,
    2.664715975522995,
    2.653000939183119,
    2.642984382263044,
    2.632240685021005,
    2.623577437022837,
    2.614308339793508,
    2.6059006532517874,
    2.5978958410460775,
    2.5895975261199764,
    2.5822587107739796,
    2.5747809475514947,
    2.5681839381776204,
    2.5606714007331104,
    2.5546291877583758,
    2.5481778950226017,
    2.5418721444723085,
    2.5356766857751984,
    2.5299419520831687,
    2.523887818906365,
    2.519904099586533,
    2.513693821139452,
    2.5091434775329216,
    2.504002843688174,
    2.4994634484372487,
    2.4951811113008637,
    2.4906401735980337,
    2.485781752481693,
    2.4819945329573097,
    2.478282909567763,
    2.4747753063353097,
    2.4709988897893487,
    2.4654773706343116,
    2.46281891625102
  ],
  "hyperparameters": {
    "embedding_dim": 100,
    "window_size": 5,
    "negative_samples": 10,
    "batch_size": 1024,
    "learning_rate": 0.001
  }
}